userID,recipe,rating
U1077,Vegan Cashew Mayonnaise Recipe,2
U1077,Pui Shaker Chorchori Recipe - Mixed Vegetable Curry With Malabar Spinach,2
U1077,Fruit Chili Chutney - Andhra Red Chili Chutney Recipe,2
U1077,Gravel-til Bhakri Recipe (Cesme Crusted Barge Flobard),1
U1068,Eggless Thandai Mini Cheesecake Recipe,1
U1068,Coorg Style Kadumbuttu/Kadambuttu Recipe (Steamed Rice Balls Recipe),0
U1068,Thandai Panna Cotta With Strawberry And Mango Coulis Recipe,1
U1068, Green Beans Fry (Recipe In Hindi),0
U1068,Tamil Nadu Style Vengaya Sambar Recipe - Pearl Onion Sambar,1
U1067,Oatmeal Banana Mini Muffins Recipe,2
U1067,Kollu Vada Kurma Recipe (Horse Gram Fritters Spicy & Tangy Curry),1
U1067,Gongura Chicken Curry Recipe - Andhra Style Gongura Chicken,1
U1067,Apple Pie Ice Cream Recipe,1
U1067,Buckwheat & Oat Waffle Recipe With Bananas & Vanilla Ice Cream,0
U1067,Whole Wheat Methi Garlic Naan Recipe  | Oven Method with yeast,1
U1103,Narikol Pitha Recipe - Sweetened Coconut Fritter,1
U1103,Stuffed Butter Recipe - Stuffed Spice Gravy,0
U1103,Parwal Ki Mithai Recipe -Pointed Gourd Sweet,1
U1103,Bitter Gourd Peel Puri Recipe,2
U1103,Apple Tea Latte Recipe,1
U1103,Shahi Paratha Recipe,1
U1103,Homemade Baked Donuts Recipe,1
U1103,Chinese Style Stir Fried Water Chestnut with Vegetables Recipe,2
U1107,Chirer Dudh Puli Recipe - Bengali Style Baten Rice Dumpling Milk,2
U1107,Vegetable Fried Brown Rice Recipe,2
U1107,Dahi Sabudana Recipe (Savory Tapioca Pearls Seasoned with Yogurt),2
U1044,Caprese Empanada Recipe With Tomato Basil And Mozzarella,2
U1044,Karwar NKGSB Style Bharli Vangi Recipe - Brinjal Curry,1
U1070,Punjabi Mixed Vegetable Kadai Recipe,2
U1070,Carrot and Capsicum Rice Recipe - Carrot and Capsicum Rice,1
U1070,Bajri Methi Na Vada Recipe - Pearl Millet Flour Fritters,1
U1031,Til Ke Ladoo Recipe - Sesame Ladoo Recipe,0
U1031,Saffron Cardamom Creme Brulée Recipe,0
U1031,Kathiawadi Dhokli Nu Shaak Recipe,0
U1082,Sabbakki Rava Idli Recipe- Sabudana Rava Idli,1
U1023,Kashmiri Style Yakhni Pulao With Chicken Recipe,0
U1023,Gajar Shalgam Ka Paani Wala Achar Recipe - Carrot And Turnip Pickle,0
U1082,Tofu and Shrimp Salad Recipe With Balsamic Dressing,0
U1082,Thalassery Chicken Biriyani Recipe,0
U1082,Puran Poli Recipe | Gujarati & Maharastrian | Sweet Spiced Stuffed Paratha With Jaggery,0
U1082,"Stuffed Bread Rolls With Pumpkin, Onion & Cheese Recipe",0
U1082,Chocolate Tart Recipe,0
U1082,Stuffed Mussels Recipe,0
U1060,Dried Kala Chana Masala Recipe - Ashtami Prasad,2
U1060,Maharashtrian Anarsa Recipe,2
U1060,Chilka Roti Recipe (Jharkhand Style Rice and Lentil Roti),2
U1060,"Peas, Corn & Paneer Savory Hand Pies Recipe",1
U1015,Karnataka Style Gasagase Payasa Recipe- Poppy seed Payasam,0
U1123,Soft Masala Dosa With Red Chutney Recipe,1
U1123,Chicken Shawarma Recipe,1
U1123,Amla Methi Sukhi Sabzi Recipe - Healthy Diabetic Sabzi,2
U1123, Malvani Masala Powder Recipe,1
U1123,Rice Paper Vegetarian Spring Rolls Recipe (Healthy Summer Rolls),1
U1123,Delicious & Cheesy Spaghetti Sandwich Recipe,1
U1123,Banana-Almond Butter Bread Recipe,1
U1123,Potato And Peas Curry Recipe In Coconut Milk Gravy,1
U1021,Chettinad Masala Powder Recipe,2
U1026,Savoury Oatmeal Porridge Recipe,2
U1021,Ginger Garlic Chicken Recipe,2
U1021,Indian Chicken Keema Sliders Recipe,2
U1044,Chettinad Idiyappam Recipe,0
U1083,Chettinad Vengaya Kosu Recipe (Spicy Curry from Chettinad Cuisine),2
U1083,Palak Paneer Bhurji Recipe -Spiced Cottage Cheese Scramble With Spinach Recipe,1
U1083,Chicken with Creamy Mushroom Sauce Recipe,2
U1108,Bhindi and Capsicum Sabzi Recipe,2
U1108,Chettinad Mixed Bean Adai Recipe,1
U1108,Manipuri Style Sana Thongpa Recipe-Paneer and Green Beans in Milk Gravy Recipe,2
U1108,Vegetarian Mexican Chili for Tacos Recipe - Made from Horse Gram,1
U1108,Delhi Style Fruit Chaat Recipe -Homemade Kulle Chaat Of North India,1
U1108,Jowar Dhani Chivda Recipe,2
U1108,Sabudana Khatti Meethi Namkeen Recipe,1
U1108,Sooji Manpasand Burfi Recipe - Semolina Coconut Fudge,2
U1108,Macher Chop Recipe (Bengali Style Fish Croquettes),1
U1108,Sorakkai Paruppu Kuzhambu Recipe - Tamil Nadu Style Lauki Curry,1
U1012,Milagu Jeera Curry Leaf Sadam Recipe,1
U1012,Chocolate And Oats Christmas Cookie Cake Recipe,2
U1012,Rabodi Ki Sabzi Recipe,2
U1093,Bloomed Potato Cheesy Muffins Recipe,2
U1093,Peanut Garlic Chutney Powder Recipe,2
U1093,Healthy Kale Pesto Pasta Recipe,2
U1093,Spicy Jalapeno Scrambled Eggs Recipe,2
U1093,Stuffed Mushrooms With Spinach & Parmesan Recipe,2
U1030,Braised Pork Belly Recipe,2
U1093,Chow Chow Milagu Kootu Recipe-Chayote Squash Cooked in Peppery Lentil Curry,2
U1030,Amritsari Fish Gravy Recipe,2
U1012,Kale Chane Ki Kadhi Recipe - Black Chickpea Kadhi,2
U1012,Kancha Peper Kofta Curry Recipe-Bengali Green Papaya Kofta Sabzi,2
U1030,Karigadab - Karnataka Style Karanji / Gujhiya Recipe,1
U1093,Soft Millet Taco Recipe Topped With Hummus & Veggies,2
U1030, Tomato Noodle Soup Recipe,0
U1093,Grilled Cheese Sandwich Recipe With Scrambled Eggs,1
U1030,Eggless Saffron Yogurt Mousse Recipe With Cardamom & Nuts,0
U1030,Herbed Potato And Green Olive Salad Recipe - A Delicious Summertime Salad,0
U1030,South Indian Grilled Fish With Spicy Fusion Sauce Recipe,0
U1030,Verkadalai Sundal- Peanut Sundal Recipe,0
U1066,"Roasted Vegetable Quesadilla Recipe With Zucchini, Carrots & Red Cabbage",1
U1066,Broccoli Peanut Oats Tikki Recipe,1
U1127,Curried Sweet Potato Mexican Fajita Recipe,2
U1127,Double Beans Sundal Recipe,2
U1127,Japanese Style Chicken Katsu Curry Recipe,2
U1127,Shakkarkandi ke Laddu | Sweet Potato Laddu Recipe,2
U1017,Gulab Jamun Recipe With Khoya,1
U1066,Chironji and Makhane Kheer Recipe,2
U1017,Steamed Chicken With Salad Recipe,2
U1017,Gujarati Style Bhakri Recipe-A Multigrain Flat Bread,0
U1066,Carrot Beans Thoran Recipe - Kerala Thoran For Onam Sadya,1
U1100,Pear and Apple Coleslaw Recipe,2
U1100,Sprouted Moong And Onion Fritters Recipe,2
U1066,Mughlai Style Chicken Changezi Recipe,1
U1100, Chicken Tikki Recipe,2
U1100,Aloo Dal Pakoras Recipe,2
U1100, Rabodi Ki Sabzi (Recipe In Hindi),2
U1100,Spicy Schezwan Indo-Chinese Egg Fried Rice Recipe,2
U1133,Ragi And Dill Nippattu Recipe,1
U1133,Chicken And Egg Slider Recipe With Cheesy Garlic Mayo,2
U1133,Moroccan Baked Fish Recipe,1
U1133,Mushroom Corn Masala Dosa Recipe Using Ragi Idli Dosa Batter,0
U1133,Andhra Style Makka Garelu Recipe (Corn Vada Recipe),2
U1133,Baked Mini Bread Cups Recipe,2
U1133,Mediterranean Tomato Basil Sandwich Recipe With Sweet Piquanté Pepper,1
U1133,Herbed Lentil Loaf Recipe Using Horsegram,1
U1133,Manga Ogre Recipe (Mango Rice),1
U1118,Paneer Matar Keema Recipe,0
U1072,Veppam Poo Rasam Recipe (Neem flower Rasam),1
U1072,Creamy Roasted Pumpkin Risotto Recipe,2
U1072,Mushroom Stroganoff Recipe,0
U1026,Railway Mutton Curry Recipe,1
U1026,Vazhaipoo Paruppu Usili Recipe - Banana Flower Paruppu Usili,0
U1026,Chettinad Prawn Curry Recipe,0
U1026,Homemade Vada Pav Recipe With Cheesy Aloo Vada,2
U1023,Kela Matar ki Sabzi Recipe - Raw Banana Green Peas Stir Fry,0
U1023,Vegetarian Pad Thai Recipe - Thai style Stir fried Vegetarian Rice Noodle Dish,2
U1080,Green Moong Sprout Salad Recipe With Vegetables- No Onion No Garlic,1
U1080,Chatpata Lobia Chaat Recipe - Healthy Black Eyed Bean Snack,2
U1080,Kerala Style Rich Creamy Egg Cashew Curry Recipe,1
U1080,Assamese Bilahi Boror Tenga Recipe (Sour Curry With Red Lentil Fritters),2
U1063,Ragi Oatmeal Kanji Recipe - Healthy Diabetic Porridge Recipe,2
U1063,Chinese Egg Drop Soup Recipe (With Vegetarian Option),2
U1063,Ellu Sadam Recipe - South Indian Style Til Pulao Recipe,1
U1063,Korean Style Gochujang Recipe (Hot Pepper Paste Recipe),1
U1063,Chaal Kopi Recipe - Bengali Style Cauliflower Stir Fry,1
U1080,Cumin Spiced Potato And Leek Soup Recipe,1
U1080,Green Beans Poriyal Recipe With Peanuts & Sesame Recipe,1
U1082,Southern Style Fried Chicken Recipe,0
U1082,Iyengar Style Whole Wheat & Oats Khara Biscuit Recipe (Savory Cookie Recipe),0
U1074,Perfect Christmas Roast Potatoes Recipe,2
U1074,Murgh Malaiwala Recipe - Chicken In Rich Creamy Gravy,2
U1074,Chettinad Vegetable Pulav Recipe -,2
U1117,Blueberry-Mango Marble Froyo Bars Recipe,1
U1117,Goan Style Dhayanche Fov Recipe (Curd Poha Recipe),0
U1117,Amaranth Leaves Khichdi Recipe,1
U1117,Mushroom Curry Recipe,2
U1117,Karuveppilai Chutney Podi Recipe - Curry Leaves Chutney Podi,1
U1117,Chicken Wings With Bhuna Masala Recipe,1
U1118,Andhra Style Erra Kaaram Dosa Recipe (Spicy Red Chilli Chutney Dosa Recipe),0
U1118,Hash Brown With Spinach & Cheese Recipe,0
U1118,Baked Polenta Fries Recipe,2
U1118,Bread Halwa Recipe,0
U1118,Spiced Ghee Rice Recipe | Neychoru,0
U1118,Perfect Gooey Mozzarella Garlic Bread Recipe,0
U1020,Andhra Steel Tomato Knock Recipe (Tomato Chutney),1
U1020,Parsi Style Lagan Sara Istew Recipe - Rich Sweet Assorted Vegetable Curry,2
U1020,General Tso's Cauliflower Recipe,1
U1020, Arbi Ka Saag (Recipe In Hindi),2
U1051,Kerala Style Vedakkai Pachadi Recipe - Kerala Style Vendakkai Pachadi (Recipe in Hindi),1
U1051,Gluten Free Rajgira Barfi Recipe,1
U1051,Moryechi Xacuti Recipe (Goan Style Shark Curry),1
U1055,Basundi / Rabri Recipe,1
U1055,Dahi Achari Bhindi Recipe,2
U1055,Nutella Pancakes Recipe,2
U1055,Hyderabadi Vegetable Biryani Recipe - Hyderabadi Vegetable Biryani Recipe,2
U1055,Devil Chicken Recipe,2
U1083,Kashmiri Kesar Pulao - Saffron Fennel Rice Recipe,2
U1083,Andhra Style Potato Korma Recipe,0
U1055, Amrood Raita Recipe,2
U1083,Mullangi Mor Pachadi Recipe (Radish in spicy tempered Yogurt Gravy Recipe),1
U1083,No Churn Strawberry Ice Cream Recipe,2
U1083,Mexican Style Fresh Rajma Bean & Raw Mango Salad Recipe,2
U1083,Microwaved Egg-Omelette-In-A-Mug Recipe,1
U1055,Welsh Apple Cinnamon Scones Recipe,2
U1055,Mango Rice Recipe,2
U1055,Egg Lifafa Paratha Recipe,2
U1055,South Indian Onion Chutney Recipe,2
U1053,Beetroot And Celery Juice Recipe,1
U1053,Methi Malai Matar Recipe - Fenugreek Peas Curry With Cream,2
U1053,Andhra Style Pulses Recipes,1
U1053,Nadan Meen Kari Recipe (Kerala Style Fish Curry),2
U1035,Gingerbread Biscotti Recipe,1
U1035,Summer Fruit Tart Recipe,2
U1053,Basundi / Rabri Recipe,2
U1053,Eggless Peanut Butter Cookies Recipe,2
U1053,Ullikadala Pulusu Recipe | Spring Onion Curry,1
U1035,Bhoplyache Gharge Recipe (Maharashtrian Style Sweet Pumpkin Puris),1
U1053,Badam Milk Recipe - Almond Milk,2
U1053,Date and Tamarind Chutney Recipe - Khajur Imli Chutney,2
U1053,Veg Tunday Kabab Recipe,2
U1053,Custard Milk Recipe-Spanish Custard,2
U1053,Nawabi Mixed Vegetable Gravy Recipe,2
U1053,Chocolate And Oats Christmas Cookie Cake Recipe,2
U1064,Italian Style Potato And Cucumber Salad Recipe,1
U1081,Vegetarian Corn Chowder Soup Recipe,1
U1064,Mediterranean Pumpkin Kibbeh Recipe,1
U1081,Pomegranate Flavoured Stuffed Khandvi Recipe,1
U1081,Ringan Ravaiya Recipe (Parsi Style Stuffed Eggplant Recipe),0
U1064,Jello Poke Cake Recipe,0
U1081,Capsicum Masala Poriyal (Recipe in Hindi),0
U1064,Karwar Style Anasa Patal Bhaji Recipe-Pineapple cooked with coconut,1
U1064, Kambu Murukku (Recipe In Hindi),2
U1081,Chenakayi Erissery Recipe - Yam Erissery,1
U1081,Cauliflower Moong Dal Recipe - Cauliflower Moong Dal Recipe,0
U1081,Bhaji Miligai And Baby Potato Fry Recipe,1
U1081,Stuffed Dahi Vada Recipe,1
U1081,Dal Shorba Recipe - Indian Style Lentil Soup,0
U1081,Spinach Corn Pasta Recipe In Creamy White Sauce,1
U1081,Sweet & Spicy Totapuri Mango Chutney Recipe,0
U1001,"Green Peas, Potato and Paneer Tikki Recipe",1
U1001,Chicken Galauti Kebab Recipe,2
U1014,Kathiawadi Dhokli Nu Shaak Recipe,1
U1088,Moroccan Spiced Millet And Lentil Salad Recipe,0
U1088,Spicy Mixed Vegetables Rice Cutlet Recipe,2
U1014,Kalkandu (Kallusakkare) Pongal Recipe | Rice Pudding with Rock Candy,1
U1014,Dahi Wale Aloo Recipe (Indian Yogurt-based Potato Curry),2
U1088,Chicken Tikka Taco Recipe Topped With Cheesy Garlic Mayo,1
U1014,Bitter Gourd Chips Recipe,2
U1014,Gujarati Mooli Bajra Muthia Recipe - Radish And Bajra-Besan Dmplings,1
U1014,Orange Mocktail Recipe,2
U1088,Roasted Vegetable Flan Recipe In Herbed Sauce,2
U1088,Melon Salsa Recipe,1
U1088,Vegan Navratan Korma Recipe,2
U1014,Field Thepla Recipe,1
U1014,Black Forest Cake Recipe,1
U1088,Vellarikka Kosumalli Recipe- South Indian Style Cucumber Salad,0
U1088,Methi Chaman Recipe -Paneer In Dark Leafy Greens Based Gravy,2
U1088,Menthi Vankaya Recipe - Andhra Style Fenugreek Spiced Baingan,2
U1014,Shrimp Stir Fry With Cheesy Dip Mayo Recipe,2
U1088,Oat Olives and Broccoli Sandwich Spread Recipe,2
U1088,Pumpkin Vegetable Recipe with Panchh Phon Masala,1
U1088,Pineapple Cucumber Salad Recipe With Lemon Dressing,2
U1014,Whole Wheat Crepes With Roasted Vegetables And White Sauce Recipe,2
U1014,"Oats, Cranberry And Walnut Bread Recipe",0
U1056,Wheat Grass Rasam Recipe,2
U1056,Fenugreek cream cheese recipe,0
U1056,Broken Wheat Upma Or Dalia Khichdi Recipe for Babies & Toddlers,2
U1056,"Chickpea Salad with Cherry Tomatoes,Olives and Capsicum Recipe",2
U1056,Dhaba Mutton Recipe-Spicy Mutton Gravy,2
U1056,Watermelon Carrot Radish Juice Recipe,2
U1056,Bottle Gourd Ice Cream Recipe - Lauki Ice Cream,2
U1056,Cinnamon Sugar Focaccia Bread Recipe,2
U1056,Bavarian Mushroom Sauce Recipe,2
U1056,Malabar Style Dates Coriander Chutney Recipe,2
U1134,Pumpkin Thoran Recipe - South Indian Pumpkin Sabzi,1
U1134,Chikkudukaya Vepudu Recipe-Broad Beans Masala Poriyal,0
U1134,Baklava Recipe - Turkish Traditional Sweet,1
U1134,Mushroom Pasanda Recipe (Butter Fried Mushrooms in Tomato Almonds and Cream Gravy),1
U1134,Green Beans In Pomegranate Cream Sauce Recipe,2
U1134,Summer Squash Pasta Recipe,2
U1134,Masala Couscous Pulao Recipe,2
U1134,Vegetarian Potato Hash Recipe,2
U1134,Hash Brown With Spinach & Cheese Recipe,1
U1134,Pakistani Roasted Gosht Recipe,2
U1134,Khakhra Pizza Recipe With Cheese Spread & Roasted Vegetables,2
U1134,Egg Salad Recipe With Sun Dried Tomatoes And Scallions,0
U1134,Tandoori Paneer Darts Masala Recipe,2
U1134, No Onion No Garlic Cabbage Kofta Curry,1
U1134,Homemade Whole Wheat Pav Recipe / Ladi Pav,2
U1134,Aava Pettina Majjiga Pulusu Recipe - Andhra Style Mor Kuzhambu,2
U1106,Potoler Dolma Recipe (Bengali Style Stuffed Pointed Gourd Curry),1
U1126,Elephant Yam Raita (Recipe In Hindi),0
U1106,Meen Peera (Kerala Style Fish Recipe With Shredded Coconut),0
U1126,Lemon Rosemary Sauce Baked Penne Pasta Recipe,2
U1126,Badam Sharbat Recipe - Almond Milk With Nuts & Spices,0
U1106,Raw Mango And Spring Onion Chutney Recipe,2
U1126,Mexican Chicken Fajita Recipe,0
U1126,Avalakki Bella Usuli Recipe (Jaggery & Flattened Rice),2
U1126,Whole Wheat Carrot Cake Recipe,2
U1126,Bread Halwa Recipe,2
U1126,Karwar Style Lasani Kadhi Recipe - Kokum And Coconut Milk Curry,1
U1126,Masoor Dal Gassi Recipe - Masoor Dal Gassi Recipe,1
U1126,Bhoplyache Gharge Recipe (Maharashtrian Style Sweet Pumpkin Puris),2
U1044,Pull Apart Bread With Basil Pesto Recipe,2
U1124,Gajar Methi Poriyal Recipe - Carrot Fenugreek Stir Fry,1
U1044,Dhania Wale Aloo Recipe - Coriander Potato Dry,2
U1124,Oats Uttapam topped with Paneer Recipe,1
U1124,Cheese Stuffed Mashed Potato Balls Recipe (Non Fried),1
U1124,Coca Cola Bundt Cake Recipe,1
U1124,Nagli Rao Upma Recipe - Healthy Ragi Rao Upma Recipe,1
U1124,Sweet & Spicy Soy Dipping Sauce Recipe,1
U1124,Maharashtrian Green Chilli Thecha Recipe,1
U1124,Creamy Coconut Poached Pears Recipe,1
U1124,Ellu Chutney Recipe - Sesame Seeds Chutney Recipe,1
U1124,Restaurant Style Paneer Lababdar Recipe,0
U1018,Onion Mango Salad Recipe - Instant Mango Pickle,0
U1125,Gravel-til Bhakri Recipe (Cesme Crusted Barge Flobard),1
U1125,Soba Noodle Salad Recipe,0
U1125,Lauki Badi Ki Sabzi (Recipe In Hindi),1
U1018,Jharkhand Dal Peethi Recipe,2
U1125,Beetroot Hummus Recipe,2
U1125,Maharashtrian Green Moong Bhat Recipe - Sprouted Green Moong Pulao,1
U1125,Puran Poli Recipe | Gujarati & Maharastrian | Sweet Spiced Stuffed Paratha With Jaggery,1
U1119,Stuffed Butter Recipe - Stuffed Spice Gravy,2
U1119,Thai Style Mung Bean Fritter Recipe,0
U1119,Manganem Recipe - Goan Style Chana Dal Payasam,2
U1125,Gluten Free Samosa Recipe,1
U1119,"Summer Lettuce Salad with Cucumber, Tomato & Feta Recipe",2
U1125,Uttar Pradesh Style Shir Sewain Recipe,1
U1119,Thandai Panna Cotta With Strawberry And Mango Coulis Recipe,2
U1125,Rajasthani Gatte Ka Pulao Recipe,1
U1125,Chilli Cheese Mushroom Momo Recipe,2
U1125,Eggless Oreo Cake Recipe With Buttercream Frosting,1
U1018,Tomato Upma Recipe,1
U1018,Green Spinach & Oats Cutlet Recipe,1
U1018,Spicy Onion Tomato Masala Sandwich Recipe,1
U1018,Bengali Sita Bhog Recipe,1
U1018,Whole Wheat Waffles with Caramelised Bananas (Egg and Eggless Recipe),0
U1018,Malaysian Nasi Lemak Rice Recipe,1
U1018,Doi Shorshe Chingri - Prawn Mustard Curry Recipe,0
U1018,Fluffy Corn Muffins Recipe,1
U1076,Chilli Capsicum Macaroni Recipe,2
U1076,Royal Bread Gulab Jamun Recipe,1
U1076,Hariyali Chicken Tikka Recipe,0
U1076,Masoor Dal Makhni Recipe,2
U1022,Classic Banana Walnut Steamed Bread Recipe in Preethi Electric Pressure Cooker,0
U1076,Caramel Folded Plum Cake Recipe,2
U1022,Mirchi Lahsun Ka Chunda Recipe (Chilli Garlic Chunda),1
U1022,Palak Tovve Recipe - Palak Tovve Recipe,0
U1022,Cheesy Paneer Masala Curry Recipe,1
U1022,Zesty Fish Quiche Recipe Flavored With Cheesy Garlic Mayo,2
U1022,Potato Latkes Recipe,1
U1022,Avarekalu Payasa Recipe - Broad Beans Payasa,2
U1022,Chalimidi Recipe,2
U1022,Kabuli Chana Sundal Recipe - Chickpea Sundal Recipe,0
U1022,Drumstick Leaves Kadhi Pakora Recipe - Moringa Kadhi Pakora,2
U1022,S'mores Cake Recipe,2
U1022,Eggless Saffron Yogurt Mousse Recipe With Cardamom & Nuts,2
U1022,Healthy Bharwa Karela Recipe - Stuffed Bitter Gourd,1
U1022,Odisha Style Aloo Husband Recipe -Aloo Mash Sabeeji,2
U1094,Chicken Donne Biryani Recipe - Bangalore Shivaji Military Style,0
U1094,Maharashtrian Ambat Goda Dal Recipe,0
U1094,Rawalpindi Style Chole Recipe,0
U1094,Dum Ke Baingan Recipe,0
U1094,Bengali Langcha Recipe With Mawa,0
U1094,Nungu Payasam Recipe - Ice Apple/ Tender Palm Fruit Payasam,0
U1094,Carrot Semolina Phirni Recipe,0
U1094,Nolen Chawal Bhog Recipe (Rice Pudding With Nolen Jaggery),0
U1116,Goan Mushroom Xacuti Recipe,2
U1116,Grilled Cheese Chocolate Sandwich Recipe,0
U1116,Manipuri Style Chak Angouba Recipe - Vegetable Pulao Recipe,2
U1116,Besan Oats Ladoo Recipe,2
U1116,Coriander Semiya Recipe - Vermicelli Pulao,2
U1116,Fruit Pachadi Recipe,2
U1116,Chettinad Egg Paniyaram Recipe | Rise Paniyaram Recipe,0
U1116,Eggless Coffee Caramel Cake With Walnuts Recipe,0
U1116,Bendekaayi Gojju (Lady Finger In Coconut Curry) Recipe,2
U1116,Palak Pappu Recipe - Andhra Style Palakura Pappu - Dal Palak,1
U1116,Watermelon Cranberry Mocktail Recipe,2
U1105,Baked Jaggery Rasgulla Recipe,0
U1105,Cream Cheese Carrot Raisin Sandwich Recipe,0
U1105,Tripura Style Kosoi Bwtwi Recipe - Sauteed Tofu & Green Beans Stir Fry With Garlic,0
U1105,Rajgira Paneer Paratha Recipe (Navratri Fasting/Vrat Recipe),0
U1105,Mughlai Style Chicken Haleem Recipe,0
U1105,Chai Ka Masala Recipe - Homemade Spice Powder for Tea,0
U1105,Irish Cream Bundt Cake Recipe,0
U1105,Paneer Shashlik Sizzler Recipe,0
U1075,Methi Malai Matar Recipe - Fenugreek Peas Curry With Cream,1
U1075,Khakara Vegetable Pizza Recipe,2
U1075,Overnight Pumpkin French Toast Baked Casserole Recipe,2
U1007,Zucchini & Red Pepper Muffin Recipe,1
U1075,Vegan Chickpeas And Broccoli Curry Recipe,2
U1007,Mangalorean Manoli Bheeja Upkari Recipe - Ivy Gourd & Cashew Sabzi,1
U1075,Orange Rasam Recipe,1
U1075,Shandong  Style Sweet Potato In Spicy  Caramel Sauce Recipe,1
U1075, Malvani Masala Powder Recipe,2
U1075,Kalmi Kabab Recipe - Mughlai Style Chicken Tangdi Kebab,1
U1075,Beetroot Hummus Recipe,1
U1075,Soya Keema Aloo Paratha Recipe,2
U1075,Khaja Recipe (Layered Fritters Dunked In Sugar Syrup),1
U1075,Bandhakopir Ghonto Recipe (Bengali Style Cabbage Fry),1
U1115,Sesame Bread Patties Recipe (Bread Cutlets),2
U1115,Mint Chutney Pasta Recipe - Pasta In Pudina Chutney Sauce Recipe,2
U1115,Carrot And Broccoli Poriyal Recipe,0
U1115,Homemade Dhansak Masala Powder Recipe,1
U1115,Dhingri Matar Recipe,1
U1115,Kaanole Recipe (Maharashtrian Steamed Wheat Flour Sweet),2
U1115,Bengali Special Chocolate Sandesh Recipe (Chocolate Infused Cottage Cheese Dessert),1
U1115,Garlic Knot Recipe,2
U1072,One Pot Vegetable Biryani Recipe In Preethi Electric Pressure Cooker,0
U1024,Sprouted Mung Bean and Spinach Soup Recipe,1
U1024,Chettinad Masala Powder Recipe - Chettinad Masala Powder Recipe,1
U1024,Elaneer Rasam Recipe - Tender Coconut Rasam,1
U1024,Loaded Baked Potato French Fries Recipe,1
U1024,Pear and Apple Coleslaw Recipe,1
U1024,Eggless Checker Board Cookies Recipe,2
U1024,Microwaved Egg-Omelette-In-A-Mug Recipe,2
U1024,Strawberry Salsa Recipe,2
U1024,Goan Chana Ros Recipe (White Peas Curry),1
U1024,Chow Chow Thakkali Kootu Recipe - Chayote Squash In Dal Coconut Curry,1
U1024,Suran Ki Sabzi Recipe - Jimikand Masala Vegetable Recipe,1
U1024,Bread Halwa Recipe,1
U1024,Gujarati Dhokla Pizza Recipe,1
U1024,Veechu Parotta Or Ceylon Parotta Recipe,1
U1024,"Ginger, Lemon And Honey Kadha Recipe",1
U1132,Nagaland Style Pumpkin Oambal Recipe,1
U1132,Hunan Style Smacked Cucumber Pickles Recipe,2
U1132,Karnataka Style Avarekalu Huli Saru Recipe (Field Beans in a Coconut based Gravy Recipe),2
U1132,Eggplant Rolls Recipe,2
U1132,Homemade Idli Dosa Batter Recipe,1
U1132,Hyderabadi Shahi Mixed Vegetable Curry Recipe,2
U1132,Ulundhu Kali Recipe (Urad Dal Sweet),2
U1132,Fresh Apple Bundt Cake Recipe,1
U1132,Bharwa Baingan Aur Pyaaz Ki Sabzi Recipe - Roz Ka Khana With Figaro Olive Oil,1
U1132,Hari Dhania Ki Sabzi ( Fresh Coriander leaves Dry Curry) Recipe,2
U1005,Butternut Squash And Carrot Soup Recipe,1
U1005,Simple Peruvian (Mayocoba) Beans Salad Recipe,2
U1005,Spicy Peanut Butter Recipe,1
U1005,Haryali Seekh Kebab Recipe,2
U1005,Thulli Recipe (Broken Wheat Halwa),1
U1005,Mint Chutney Pasta Recipe - Pasta In Pudina Chutney Sauce Recipe,1
U1005,Jal Jeera Recipe - Indian Spiced Lemonade,0
U1005,Kimami Sewai Recipe,2
U1005,Fresh Fruit Bowl Recipe,2
U1120,Chettinad Style Pepper Mushroom Recipe,0
U1120,Wheat Grass Shikanji - Wheat Grass Lemonade Recipe,1
U1120,Dahi Suran Ki Sabzi Recipe (Stir Fried Yam in Dry Yogurt Curry Recipe),1
U1120,Methi Chaman Recipe -Paneer In Dark Leafy Greens Based Gravy,1
U1120,Pudina Rice Recipe,0
U1004,Garlic Spaghetti with Roasted Red Bell Pepper Sauce Recipe (Vegan),1
U1004,Crispy Oven Roasted Curried Chickpeas Recipe,2
U1004,Thai Style Steamed Buns Recipe,2
U1120,Banana Pomegranate Raita Recipe - Kela Anar Raita,2
U1004,Andhra Style Alam Pachadi Recipe - Adrak Chutney (Recipe),2
U1120,Maharashtrian Achar Ka Masala (Pickle Mix Recipe),1
U1004,Kakrar Jhal Recipe - Bengali Style Crab Curry,2
U1120,Tea Spiced Nuts Recipe (Skillet Roasted),2
U1077, Raw Mango Carrot Cucumber Salad Recipe With Peanuts,0
U1120,Caramel Folded Plum Cake Recipe,2
U1037,"Raw Papaya, Apple & Carrot Salad Recipe",2
U1037,Kerala Kadala Curry Recipe - Spicy Chickpeas in Coconut Curry,0
U1037,Kesar Mango Lassi Recipe - Saffron Mango Lassi Recipe,0
U1037,Barnyard Millet And Mushroom Cutlet Recipe,0
U1037,Jalapeno Potato Cheese Balls Recipe With Four Pepper Cheese Dip,2
U1037,Shrewsbury Cookies Recipe (Butter Cookies),1
U1037,Pineapple Ladoo Recipe,2
U1035,Curry Fried Quinoa Rice Recipe,2
U1035,Karela Dahi Puri Recipe - A Chatpata Chaat Made From Bitter Gourd,2
U1035,Scrambled Tofu Noodles Recipe,2
U1052,Moong Dal Ghughra Recipe (Gujiya / Karanji),1
U1036,Goan Style Frango Vera Recipe - Chicken Vera,1
U1036,Tamil Nadu Style Potato Masiyal Recipe (South Indian Style Aloo Masala),2
U1036,Avarakkai Poricha Kootu Recipe - Broad Beans Kootu Recipe,2
U1036,Haryali Seekh Kebab Recipe,2
U1036,Carrot Tadka Raita Recipe- Crunchy Grated Carrot In Yogurt,2
U1036,Pudina Rasam Recipe - Mint Leaves Rasam,2
U1036,Vegan Mango Lassi Recipe,2
U1036,Avocado Cheese Chilli Toast Recipe,2
U1036,High Protein Broccoli and Dill Stuffed Paratha Recipe,2
U1036,Roasted Cauliflower Salad With Quinoa & Garlic Yogurt Recipe,2
U1036,Kashmiri Style Al Rogan Josh Recipe- Pumpkin In Red Curry,0
U1036,Warqi Paratha Recipe,2
U1038,Olya Kaju Chi Amti Recipe - Malvani Cashew Nut Curry,1
U1038,Egg Shoap Recipe | Assamese Appetizer,0
U1038,Homemade Vada Pav Recipe With Cheesy Aloo Vada,0
U1038,Aloo & Nariyal Ki Kachori Recipe (Pan Fried Farali Aloo Vada),1
U1038,Lau's Peel Fried Recipe - Bottle Guard Peel Steam Free,2
U1071,Gorikayi Palya Recipe - Karnataka Style Gawar Phali Sabzi,2
U1071,Kela Matar ki Sabzi Recipe - Raw Banana Green Peas Stir Fry,2
U1071,Karnataka Style Bassaru Recipe - Dill flavored Coconut Rasam,2
U1071,Lilve Ki Sabzi Recipe (Green Chickpea Curry),1
U1071,Chicken Chops Recipe,2
U1071,Palak Tambuli Recipe (Udupi Style Spinach Tambli),2
U1071,"Mango, Avocado And Chickpea Salad Recipe",2
U1071,Watalappan Recipe - Steamed Egg Pudding With Jaggery,2
U1071,Sweet & Spicy Raw Papaya Moongphali Ki Sabzi Recipe,1
U1071,One Pot Pav Bhaji Recipe Using Preethi Electric Pressure Cooker,2
U1071,Mix Vegetable Risotto Recipe,2
U1071,Whole Wheat Buttermilk Banana Pancakes Recipes,2
U1071,Pineapple Ladoo Recipe,2
U1114,Stir Fried Water Chestnuts Recipe,0
U1084,Methi Lachha Paratha Recipe,1
U1084,Chocolate Cheese Gujiya Recipe,2
U1084,Bruschetta With Coriander Mint Pesto And Red Bell Peppers Recipe,2
U1084,Kathiyawadi Stuffed Onion Recipe,2
U1084,Sagu Masala Dosa Recipe,2
U1084,Mango Sago Kheer Recipe - Sabudana Kheer With Mangoes,2
U1084,Burnt Garlic Pasta with Mushroom Recipe,2
U1084,Spinach Oats Vada Recipe,2
U1084,Dal Tadka Recipe - Dal Tadka Recipe Flavored With Lemon And Coriander,2
U1084,Vegetarian Thai Green Curry With Tofu Recipe,1
U1049,Steamed Bafauri Recipe (Bhojpuri Style Steamed Chana Dal Balls),0
U1049,Maharashtrian Chavali Chi Usal Recipe - Black Eyed Peas Curry,0
U1019,Apple Upside Down Cake Recipe,0
U1019,Idli Manchurian Recipe With Oriental Twist,0
U1019,"Watermelon, Chena, Cucumber With Soy Dressing Recipe",0
U1019,Jain Style Corn Palak - Jain Style Corn Palak (Recipe In Hindi),0
U1069,Low Pot Alo Ponda Recipe - Matte's Pit Paneer Pan,0
U1069,Thai Baked Chicken Satay Recipe With Thai Peanut Sauce,0
U1069,Goan Style Caldinho de Abobora Branca Recipe (Mild Curry of white Pumpkin),0
U1069,Cheesy Potato Peas Potli Recipe,0
U1069,Spinach And Paneer Samosa Recipe With Figaro Pure Olive Oil,0
U1069,Sprouted Ragi Chicken Cutlet Recipe,0
U1069,North Indian Style Mushroom Matar Masala Recipe,0
U1069,Homemade Spicy Ramen with Tofu Recipe,1
U1069,Vietnamese Rice Pocket Recipe With Caramelised Onions & Chillies,0
U1113,Instant Masala Beans Idli Recipe,1
U1113,Fish Fry Recipe - Kerala Style Fish Split,2
U1113,Lemon Chicken Chicken Recipe - Chicken with Gandharaja Lemon & Green Chili,1
U1113,Baked Banana Chips Recipe,0
U1113,Mango Kalakand Recipe,1
U1113,Karnataka Steel Awarekai Upma Recipe,2
U1113,Crispy Fried Kurkuri Bhindi Recipe Spiced With Cumin & Chaat Masala,0
U1113,Patra Ni Machi Recipe - Fish Cooked In Banana Leaf,0
U1104,Cheesy Loaded Veggie Nachos Recipes,0
U1104,Spinach Soft Shell Taco Stuffed with Cabbage Slaw Salad Recipe,1
U1104,Ammini Kozhukattai (Rice Flour Dumplings) Recipe,2
U1104,Mushroom And Bok Choy Stir Fry Recipe,2
U1104,Spicy Chicken Curry Recipe In Naga Style,1
U1106,Palak Paneer Bhurji Recipe - Palak Paneer Bhurji Recipe,0
U1106,Mughlai Style Aloo Matar Gobi Gravy Recipe,0
U1104,Pudina Sooji & Oats Dhokla Recipe - Steamed Semolina Cake With Oats & Mint Leaves,1
U1106,Baked Vegetable Salad Recipe,0
U1106,Gil-E-Firdaus Recipe (Creamy & Sweet Bottlegourd Pudding),2
U1104,Vegetable Paella Recipe (Spanish Style Vegetable Rice),1
U1106,Mangalorean Style Bafat Pito Recipe-Bafat/Bafad Spice Mix Powder,0
U1104,Tea Spiced Nuts Recipe (Skillet Roasted),2
U1104,Kaju Pakoda Recipe (Cashew Nut Fritters),2
U1106,Paprika Chicken Skewers Recipe,2
U1104,Heerekai Sippe Chutney Recipe (Ridge Gourd Peel Chutney),1
U1106,Parsi Steel Chas Payelo Sakarkand Recipe,2
U1106,Bengali Style Hilsa Fish In Poppy Seeds & Yogurt Curry Recipe,2
U1052,American Perugu Pachadi Recipe -Raw Mango Yogurt Pachadi,2
U1106,Chikkudukaya Vepudu Recipe-Broad Beans Masala Poriyal,2
U1106,Churma Ladoo Recipe - Atta/Whole Wheat Ladoo,2
U1104,Chilli Baby Corn (Manchurian) Recipe,1
U1106, Apple Onion Chutney (Recipe In Hindi),2
U1106,Bengali Kosha Mangsho Recipe-Slow Cooked Mutton Curry,2
U1106,Buckwheat Crepe Recipe with Fruit Compote,2
U1106,Eggless Date And Cashew Cake Recipe,2
U1106,Dairy Free Balsamic Strawberry Ice-cream Recipe,2
U1052,Whole Wheat Buttermilk Banana Pancakes Recipes,2
U1052,Quick Prawn Tikka Masala Recipe,1
U1104,Sutlac Recipe - Rose Infused Turkish Rice Pudding,1
U1079,Karnataka Style Set Dosa Recipe,2
U1079, Easy Creamy Chicken Curry Recipe,1
U1079,Carrot Lemon Rice Recipe,2
U1079,Bloomed Potato Cheesy Muffins Recipe,1
U1045,Pappu Chekkalu Recipe - Andhra Style Spiced Rice Cracker,2
U1045,Ginger Garlic Chicken Recipe,0
U1045,Pavlova Recipe With Strawberries,1
U1045,Durg Style Mushroom Curry Recipe - Coorg Style Mushroom Curry Recipe,2
U1045,Andhra Vankaya Fry Recipe With Peanuts - Brinjal Peanut Sabzi,0
U1045,Oats and Vegetable Kebab Recipe - Oats and Vegetable Kebab Recipe,1
U1045,Punjabi Choori Recipe (Sweet Crumbled Rotis),1
U1045, Senai Kizhangu Varuval Recipe,2
U1045,Mexican Chicken Soup Recipe,2
U1045,Homemade Spring Roll Wrapper Recipe,1
U1009,Mexican Style Omelette With Avocado Dressing Recipe,1
U1009,Mee Bakso Recipe - Indonesian Meatball Noodle Soup,2
U1009,Masoor Dal and Rajma Masala Recipe,1
U1009,Pudlangai Porial Recipe - Snake Gourd Porial Recipe,2
U1009,Cauliflower Tortilla Recipe,2
U1009,Grilled Aubergines with Tzatziki Sauce Recipe,1
U1009,Sindhi Dal Pakwan Recipe - A Delicious Sindhi Breakfast,2
U1009,Traditional Whole Gobi Musallam Recipe,1
U1009,Coorg Style Kaad Manga Curry Recipe -Sweet & Spicy Mango Curry,2
U1009,Phalguni Dal Recipe - Phalguni Dal Recipe,0
U1009,Ridge Gourd Peel Chutney Recipe,1
U1016,Sarson Ka Saag Recipe - Classic North Indian Saag Recipe,2
U1016,Spinach Ricotta Balls in Garlic Tomato Basil Sauce Recipe,1
U1016,"Beetroot, Carrot and Cucumber Salad Recipe - Beetroot, Carrot & Cucumber Salad with Peanuts Recipe",2
U1016,Gujarati Lasaniya Batata Recipe - Garlic Potato Curry,2
U1016,Malida Recipe (Healthy Whole Wheat Afghan Sweet),2
U1016,Green Moong Dal Cheela Recipe - Savory Green Mung Bean Pancakes,2
U1016,Hummus Flavoured With Garlic Recipe,2
U1016,Spicy Aloo Naan Recipe,2
U1016,Whole Wheat Onion Stuffed Kulcha Recipe,2
U1016,Whole Wheat Strawberry Banana Muffins Recipe,2
U1016,Manda Pitha Recipe-Orissa Style Steamed Rice Flour Dumplings,2
U1016,Konkani Style Vali Bendi Recipe-Malabar Spinach Curry,2
U1016,Sepu Vadi Recipe (Himachali Split Urad Dal Dumplings In Spinach Gravy),2
U1047,Paneer Makhana Gulgule Chaat Recipe - No Onion No Garlic,0
U1047,Rajasthani Mirchi Bada Recipe - Chilli Fritters,0
U1047,Dhaba Style Tomato Chutney Recipe,0
U1095,Carrot Ginger Juice Recipe,1
U1095,Calcutta Style Chicken Biryani Recipe,2
U1095,Semolina Gujiya Recipe,1
U1034,Chocolate And Semolina Halwa Recipe,1
U1095,Open Burger with Vegetable Patty Recipe,1
U1034,Mushroom Baby Corn Kaalimirri Recipe - Pepper Cashew Gravy,0
U1034,Green Pea Pakoras Recipe - Green Pea Freighters,1
U1095,Baingan Sarson Ka Saag Recipe,2
U1095,Arbi Ajwain Ki Sabzi Recipe (Roasted Colocasia Stir Fry With Ajwain),1
U1095,Oats Chivda Recipe- Oats Poha Mixture- No Onion No Garlic,2
U1007,Aamras Ki Kadhi Recipe - Mango Kadhi Recipe,1
U1007,Potato & Basil Frittata Recipe,1
U1095,Zucchini Keerai Thogayal Recipe - South Indian Tangy Spinach and Zucchini Chutney,1
U1095,Seer Fish Fry Recipe,2
U1095,Nutty Oats and Berry Truffle Recipe,2
U1007,Chinese Darsaan Recipe With Ice Cream,1
U1007,Thatte Idli Recipe,1
U1007, Carrot Capsicum Poriyal Recipe,0
U1007,Rice Pudding Recipe (Bengali Style Rice Pudding),1
U1007,Beetroot Paneer Curry Recipe In Coconut Milk - Beet Paneer Curry Recipe,1
U1078,Chichinda Ki Sabzi Recipe -Uttar Pradesh Style Snake Gourd Stir Fry,1
U1099,Tamil Nadu Style Milagu Thattai Recipe (Peppered Dal-Rice Fritters),1
U1099,Thekera Tenga Recipe,2
U1008,Spinach Egg Muffins Recipe,1
U1008,Raw Mango Prawns Curry Recipe,1
U1099,Kashmiri Saag Recipe - Kashmiri Style Spinach / Palak,2
U1099,Indian Style Kala Chana Salad Recipe,0
U1008,Kerala Chicken Curry Recipe,2
U1099,Hunan Style Sweet Sour Chicken Recipe,1
U1008,Baale Dindu Kadale Palya - Banana Stem Curry With Chickpeas Recipe,1
U1008,Chettinad Style Potato Kara Kuzhambu Recipe,1
U1099,Hariyali Mutton Curry Recipe,1
U1008,Makki Ki Puri Recipe - complete recipe of Makki,1
U1099,Baby Corn Carrot Sabzi Recipe,1
U1008,Spicy Chickpeas Aloo Salad Chaat Recipe,1
U1099,Spicy Rice Stuffed Paratha Recipe,0
U1099,Pasta Salad With Broccoli & Feta Cheese Recipe,2
U1099,Kara Sevai Recipe (Lemon Vermicelli),1
U1008,Drumstick Spinach Fry Recipe - Moringa Aloe Sabiji,1
U1008,Masala Palak Bhurji Recipe,1
U1099,Delhi Style Fruit Chaat Recipe -Homemade Kulle Chaat Of North India,1
U1040,Karwar Style Surana Bhaji Recipe - Hot and Sour Yam Dry Curry,1
U1040,Odia Style Chuin Aloo Besara Recipe-Potato & Drumsticks Fry In Mustard Paste,1
U1040,Tomatoes Stuffed With Mint Mayo And Paneer Recipe,2
U1040,Matar Paneer Galette Recipe,1
U1121,Grilled Paneer Mint Salad Recipe With Pickled Onions & Pomegranates,0
U1110,Peanut Garlic Chutney Powder Recipe,1
U1110,Amaranth Leaves Khichdi Recipe,2
U1110,Gobhi Ke Kofte Recipe,2
U1110,Tangy Raw Beetroot & Tomato Chutney Recipe,2
U1121,Mixed Vegetable Sagu Recipe - Karnataka Style Vegetable Kurma Recipe,2
U1121,Himachali Khatta Recipe (Tangy Black Chickpea Curry),2
U1121," Rava Upma Recipe With Peanuts, Peas & Corn",2
U1042,Ice Wine Panna Cotta Recipe,2
U1042,Andhra Style Cucumbers / Caramel Undalu Recipe (Rice Flour Chochonuth Fritters),1
U1042,Orange Zested Shortbread Cookie Recipe (Egg Free/Eggless),2
U1013,Sindhi Kadhi Recipe,1
U1013,Red Velvet Cake Recipe,2
U1013,Sour Sweet Petha Recipe (Yellow Pumpkin Vegetable),1
U1013,Kongunadu Chicken Curry Recipe,1
U1054,Italian Grissini Recipe- Homemade Breadsticks,2
U1054,Pudina Sooji & Oats Dhokla Recipe - Steamed Semolina Cake With Oats & Mint Leaves,2
U1054,Maharashtrian Achar Ka Masala (Pickle Mix Recipe),2
U1054,Nandan Kozhi Recipe  - Kerala Style Chicken Curry,2
U1054,Dal Fara Recipe (Indian Stuffed Lentil Dumplings),2
U1054,Shakarkandi Ka Halwa Recipe (Sweet Potato Halwa),2
U1054,Matki Kala Chana Salad Recipe,2
U1054,Dal Palak Recipe - Dal Palak,2
U1054,Oat Banana Pancakes Recipe,2
U1054,Baby Corn Butter Masala Recipe,1
U1054,Baby Corn Cigar Recipe,2
U1042,Poliyodharai / Puliyogare Recipe (using Millets),2
U1042,Mushroom Caldine Recipe | Vegetarian Goan Mushroom Curry,1
U1111,Green Moong Dal Sundal Recipe - Green Moong Dal Sundal Recipe,2
U1111,Dal And Vegetable Kebab Recipe,2
U1111,Tofu Green Pulao Recipe,1
U1111,"Rava Upma Recipe With Peanuts, Peas & Corn",2
U1111,Saragva Nu Shaak Recipe-Drumstick Masala Sabzi,1
U1037,Ice Tea Sangria Recipe,1
U1111,Name Cucumber Salad Recipe - Quickcomber sausage,2
U1111,Coca Cola Bundt Cake Recipe,2
U1111,Moong Dal Ladoo Recipe,0
U1037,Goan Pumpkin Sabzi Recipe,1
U1111,Baked Mathri Recipe (Non Fried Tea Time Snack),0
U1037,Jhunka Vadi Recipe - North Karnataka/Maharashtrian Speciality,2
U1111,Scrambled Eggs With Ridge Gourd Sabzi Recipe,0
U1111,Whole Wheat Crepe With Eggs And Roasted Peppers Recipe,1
U1037,Sesame Peanut Potato Mix Recipe,1
U1015,Chana Dal & Methi Ki Sabzi (Recipe in Hindi),1
U1015,Chettinad Kathirikai Chops Recipe - Brinjal Curry for Biryani,0
U1015,Bhindi Masala Curry Recipe,0
U1015,Mexican Black Bean Corn Soup Recipe,1
U1015,Mango Shrikhand Taco Recipe - Sweet Mango Yogurt Dip Taco,2
U1015,Aloo Posto Recipe (Potatoes In Poppy Seed Paste),1
U1015,Attirachi Kuzhambu Recipe - Spicy Mutton Gravy,1
U1128,Ginger Brandy Cookie Recipe,0
U1062,Coriander Chicken Roast Recipe,0
U1101,Baked Eggplant Stuffed with Red Lentil Hummus Recipe,1
U1101,Eggless Cake Pops Recipe,2
U1101,Garlic Chickpeas And Spinach Curry Recipe,1
U1101,Fried Artichokes Recipe Flavored With Lemon & Ginger,0
U1101,Khatte Baingan Recipe,1
U1101,Indian Style Tapenade Recipe,2
U1101,Gil-E-Firdaus Recipe (Creamy & Sweet Bottlegourd Pudding),2
U1101,Kothu Kari Kuzhambu Recipe - Mutton Keema Curry,2
U1101,Masala Jowar Bhakri Recipe,2
U1101,Lauki Badi Ki Sabzi Recipe,0
U1001,Fried Artichokes Recipe Flavored With Lemon & Ginger,0
U1001,Whole Wheat Beetroot Paratha Recipe,1
U1001,Watermelon Rasam Recipe,1
U1001,Honey Sesame Chilli Potato Recipe - Indian Chinese Chilli Potato,1
U1001,Jowar Dhani Chivda Recipe,1
U1001,Mutton Keema Recipe,2
U1001,Fresh Mango Salsa Recipe,1
U1135,Oats and Besan Cheela Recipe (High Protein Spiced Crepes),0
U1135,The Oat and Green Moong Dal Pesarattu-Savory Lentil Crepe Recipe,0
U1135,Eggless Nutella Crepes With Strawberries Recipe,0
U1135,Spicy Kiwifruit Salsa & Feta Toasties Recipe,0
U1032,Saffron Cardamom Creme Brulée Recipe,1
U1032,Mamsaam Chops Recipe (Lamb Chops in Black Pepper Gravy),2
U1032,Andhra Style Cucumbers / Caramel Undalu Recipe (Rice Flour Chochonuth Fritters),2
U1032,Senai Potato Curry Recipe - Spicy Chettinad Style Yum Stir Pre,1
U1032,Mooli Gobhi Aur Methi Sabzi Recipe,0
U1032,Red Chilli Thecha - Maharashtrian Style Red Chilli Chutney Recipe,1
U1135,Paneer Pancake Recipe,0
U1135,Tamil Nadu Style Kothamali Aval Upma Recipe - Coriander Poha Recipe,0
U1032,Khatti Meethi Lauki Dal Recipe - Sweet & Spicy Bottle Gourd Dal,1
U1032, Manga Ogre Recipe,1
U1032,Chicken Stuffed Bread Recipe,1
U1135,Strawberry Raita Recipe,0
U1032,Habshi Halwa Recipe,0
U1135,Moroccan Baked Fish Recipe,0
U1135,Andi Unda (Kerala Special Cashew & Rice Balls) Recipe,0
U1135,Creamy Spinach And Potato Breakfast Casserole Recipe,0
U1135,Malpua Recipe with Rabri (A Spiced Indian Pancake with Milk Pudding),0
U1135, Cheesy Potatoes Recipe,0
U1135,Paneer Pancake Recipe,0
U1135,Pineapple Cucumber Salad Recipe With Lemon Dressing,0
U1048,Mozzarella Stuffed Potato Balls Recipe,1
U1048,"Kala Chana Salad Recipe With Carrots, Cucumber & Tomatoes ",2
U1048,Mexican Style Fresh Rajma Bean & Raw Mango Salad Recipe,2
U1048,Kauni Rice Paniyaram Recipe (Fruit Rice Paniyaram Recipe),0
U1048,Gojju Avalakki Recipe - Puli Aval,2
U1048,Vietnamese Rice Pocket Recipe With Caramelised Onions & Chillies,2
U1048,Roasted Carrot & Green Pepper Hummus Recipe,2
U1062,Awadh Style Bakarkhani Roti Recipe ( Thick Spiced Flatbread Recipe ),0
U1062,Steamed Cauliflower Curry Recipe (Healthy Stir Fry),0
U1092,Kuvale Sasam Recipe - Konkani Ash Gourd Curry,1
U1062,Whole Wheat Chocolate Cinnamon Cupcakes Recipe,0
U1092,Arbi Jhol Recipe -Uttar Pradesh Style Colocasia & Lotus Seeds Sabzi,0
U1062,Kesar Shahi Tukda With Rabdi Recipe (Saffron Bread Pudding With Spiced Milk Custard),0
U1092,Turmeric Latte Recipe,0
U1062,Multigrain Crepe Recipe Filled With Spicy Mashed Potatoes,0
U1092,Vendaikai (Okra) Puli Kootu Recipe,1
U1062,Bangaladumpa Thalimpu Recipe - Potato Stir Fry,0
U1062,Chicken Tikka Taco Recipe Topped With Cheesy Garlic Mayo,0
U1092,Zoodles In Creamy Basil Pesto Recipe,2
U1062,Dahi Bhalla Papdi Chaat Recipe,0
U1092,Pahadi Chicken Curry Recipe,1
U1051,Kashmiri Style Yakhni Pulao With Chicken Recipe,1
U1013,Amritsari Fish Gravy Recipe,2
U1085,Braised Pork Belly Recipe,2
U1085,Andhra Style Bendakaya Charu Recipe - Ladies Finger Rasam,0
U1085,Foxtail Millet Idli Recipe - Healthy Indian Diabetic Idli Recipe,2
U1085, Punjabi Style Egg Curry Recipe,2
U1085,"Summer Lettuce Salad with Cucumber, Tomato & Feta Recipe",2
U1109,Karnataka Style Kadle Kaalu Saru Recipe (Black Chickpea Curry Recipe),2
U1109,Paneer Pav Bhaji Recipe - Wholesome Weeknight Dinner,1
U1085,"Peas, Corn & Paneer Savory Hand Pies Recipe",0
U1085,Veg Makhanwala Recipe - North Indian Mixed Vegetables Gravy,2
U1109,Zunka Recipes (Spicy Gram Flour),2
U1085,Tofu Pulao Recipe,0
U1085,Lemon Cherry Berry Spa Water Recipe,2
U1109,Mango Chia Seeds Smoothie Topped with Muesli Recipe,2
U1085,Lemon Grilled Chicken Recipe,2
U1109,Thengai Sadam Recipe (A Quick and Healthy Coconut Rice),2
U1109,Roasted Garlic Potato Soup Recipe,2
U1109,Kerala Style Beetroot Pachadi Recipe,2
U1109,Palak Onion Kadhi Pakora Recipe,2
U1109,Gujarati Sev Tameta Nu Shaak | Sev Tamatar Ki Sabzi Recipe,2
U1109, Palak Chana Dal Recipe,1
U1078,Moolangi Tovve Recipe - Moolangi Tavve Recipe,1
U1078,Sorakkai Paruppu Kuzhambu Recipe - Tamil Nadu Style Lauki Curry,2
U1078,Caramelized Coconut Cake Recipe,2
U1078,Poppetjes Recipe - Sweet Puffy Wheat Dumpling Recipe,2
U1078,Mushroom Tikka Masala Recipe (Mushroom & Bell Peppers In Spicy Tomato Gravy),0
U1078,Gulab Jamun Recipe With Khoya,2
U1019,Kashmiri Style Chokh Vangun Recipe - Baingan Masala,0
U1102,Moong Sprouts Pulao Recipe,2
U1098,Garlic And Pepper Mushroom Stir Fry Recipe,1
U1098,Oven Crisped Burritos with Shredded Chicken Recipe,2
U1098,Chilli Cheese Paratha Recipe,1
U1046,Oat Olives and Broccoli Sandwich Spread Recipe,1
U1122,Jerk Chicken With Rice And Peas Pilaf Recipe,2
U1122,Kathirikai Sundakkai Vathal Kuzhambu Recipe,2
U1122,Minced Mutton Spring Rolls Recipe,2
U1122,Homemade Soft Idli Recipe - Steamed Rice and Lentil Cake,2
U1122,Bhaja Pithe Recipe,2
U1122,Zoodles In Tomato And Cashew Cream Sauce Recipe (Vegan),2
U1122,Paleo Balsamic Mushrooms Recipe,2
U1122,Muttai Parotta Recipe ( Ande Ka Paratha / Egg Filled Flat Bread),2
U1122,Chana Pulao Recipe - Spicy Chickpea Pulao,2
U1122,Saunf Wale Aloo Baingan Recipe - Fennel Spiced Potato And Eggplant,2
U1122,"Whole Wheat, Oatmeal and Amaranth Fruitcake Cookie Recipe",1
U1122,Muttai Kuzhambu Recipe - South Indian Egg Curry,2
U1138,Khatti Meethi Tinda Masala Recipe,2
U1138,Pumpkin Thoran Recipe - South Indian Pumpkin Sabzi,2
U1138,Whole Wheat Pasta Salad With Capsicum And Corn Recipe,1
U1013,Bengali Sita Bhog Recipe,2
U1098,Goan Sweet Churmo Recipe,1
U1098,Homemade Baked Donuts Recipe,1
U1098,Awadhi Style Sheermal Recipe - Sweet Flat Bread,2
U1098, Garlic And Pepper Mushroom Stir Fry Recipe,2
U1098,Bellada Coffee Recipe With Milk (Karnataka Style Filter Coffee With Jaggery),1
U1098,Healthy Black Bean Burger Recipe Without Bun,2
U1098,Baked Homemade Croutons Recipe With Herbs,1
U1098,Paneer Pav Bhaji Recipe - Wholesome Weeknight Dinner,1
U1098,Chunky Cucumber Salsa Recipe,1
U1034,Bhindi And Paneer Masala Recipe,0
U1034,Summer Squash Pasta Recipe,0
U1034,Chole Capsicum Masala Recipe,1
U1033,Homemade Ice-Cream Cake Recipe,1
U1033,Spicy Coconut Peanut Stuffed Baby Brinjal Recipe,2
U1033,Spirulina Protein Energy Balls with Ragi Recipe,2
U1033,Choco Badam Barfi / Choco Almond Fudge Recipe,2
U1033,Baked Paneer Bread Pakora Recipe,2
U1033,Bengali Aloo Jhinge Posto Curry Recipe (Potato and Ridge Gourd Curry),2
U1033,Palak Patta Chaat Recipe-Delhi style Spinach leaf Chaat,1
U1033,Baingan Sarson Ka Saag Recipe - Brinjal Mustard Saag Recipe,2
U1033, Togarikaayi Usli Recipe,2
U1033,"Dahi Chivda Recipe (Fruit, Yogurt & Flattened Rice Breakfast Parfait)",1
U1033,Saffron Mango Ice-cream Recipe,2
U1089,Foxtail Millet Khichdi Recipe with Batata Aloo Nu Shaak,1
U1089,Caramelized Onion Tart with Ricotta Cheese Recipe,1
U1089,Strawberry Cheesecake Bars Recipe,1
U1089,Traditional Mathri Recipe - North Indian Savoury Cracker Recipe,1
U1003,Broccoli Paneer And Peanut Masala Recipe,0
U1089,Goan Dessert Sakhar Bhaat Recipe,1
U1003, Amritsari Ajwaini Paneer (Recipe In Hindi),2
U1089,Kale & Leeks Frittata Recipe,1
U1003,Varutharacha Mutta Curry Recipe,2
U1089,Paneer Bread Balls Recipe -Cottage Cheese & Bread Croquettes,1
U1003,Chana dal and fenugreek vegetable recipe,1
U1089,Bardoli Ki Khichdi Recipe,1
U1089, Bitter Gourd Chips Recipe,1
U1003,Mint And Pomegranate Raita Recipe,0
U1089,Parshe Macher Jhal Recipe - Mullet In Mustard Sauce,1
U1089, Kachumber Salad Recipe,1
U1003,Mango Pulusu Recipe - Mamidi Pandu Pulusu Recipe,2
U1089,Coffee Ice Cream Recipe,1
U1089,Crispy Amla Gawar Pod Sabzi Recipe,0
U1003,Baklava Rolls Recipe - Turkish Sweet Rolls,2
U1091,Raw Mango Dhokla Recipe Topped With Sweet Mango Chutney,0
U1091,Sprouted Moong Dal Recipe - Spicy Sprouted Lentil Curry,2
U1089,Patiala Aloo Recipe,0
U1003,Whole Wheat Spaghetti With Avocado Basil Pesto Recipe,2
U1091,Nagaland Style Pumpkin Oambal Recipe,1
U1003,"Mizoram Inspired Veg Sawhchiar Recipe-Rice Pilaf With Kashmiri Red Chillies, Bay Leaf and Paneer",2
U1091,Drumstick Leaves Sabzi With Crushed Peanuts Recipe,1
U1003,Chocolate Peda Recipe,2
U1091,Egg Salad Recipe With Sun Dried Tomatoes And Scallions,1
U1003,Yogurt Lamb Curry Recipe,2
U1027,Zarda Pulav Recipe (Rice Flavoured With Nuts And Saffron),0
U1091,Matcha Cookies Recipe,0
U1027,Prawn Ghee Pepper Masala Recipe With Garlic,1
U1091,Farfalle In Creamy Mushroom Sauce Recipe,2
U1027,Aloo Subz Dum Biryani Recipe,1
U1091,Paneer Methi Paratha Recipe,2
U1091,Aloo Tikki Stuffed Pita Sandwich Recipe,1
U1027,Tomato Dosa Recipe,1
U1027,Cheesy Bruschetta With Capsicum And Tomatoes Recipe,1
U1027,Achari Gosht Recipe,1
U1027,Homemade Summer Pasta Salad Recipe With Herbs,1
U1027,Basil Pesto Bombs Recipe,1
U1027,Red Wine Sangria Cocktail Recipe,1
U1027,Paneer Carrot Stuffed Paratha Recipe,1
U1027,Rajasthani Gatte Ki Sabzi Recipe With Onion & Garlic,1
U1029, Apple Onion Chutney (Recipe In Hindi),1
U1029,Puffed Lotus Seed Pakoras Recipe - Makhana Pakora,2
U1029,Mushroom Thoran Recipe-Kerala Style Mushroom Sabzi,1
U1029,No Onion No Garlic Oriya Style Moong Dalma Recipe,1
U1029,Chocolate Chip Cookies With Coconut Recipe,0
U1029,Stove Top Green Peas Seekh Kebab Recipe,0
U1029,Chicken Kappa Biryani Recipe,1
U1029,Watermelon & Feta Skewers Recipe,1
U1029, Aloo Aur Mooli Ke Patto Ki Sabzi (Recipe In Hindi),1
U1029,Chicken Meatballs In A Makhni Gravy Recipe,1
U1086,Dhaba Mutton Recipe-Spicy Mutton Gravy,1
U1086,Matar Karanji /Gujiya Recipe (Maharashtrian Deep Fried Savoury Pastry),1
U1086,Sweet Corn Spring Onion Momo Recipe - Sweet Corn Dumplings,2
U1086,Broccoli Almond Soup Recipe - Healthy Soup Weight Loss,2
U1086,Tomato Onion Chutney Recipe - Tomato Onion Chutney Recipe,2
U1086,Egg And Harissa Sandwich Recipe,2
U1086,Verkadalai Sundal- Peanut Sundal Recipe,2
U1086,Homemade Spring Roll Wrapper Recipe,1
U1086,Gulkand Kala Jamun Recipe,1
U1019,Schezwan Masala Dosa Recipe Using Classic Idli Dosa Batter,0
U1019,Eggplant Potato Alkaline Broth Recipe,0
U1137,Peanut Hummus Recipe,2
U1019,Oats and Vegetable Kebab Recipe - Oats and Vegetable Kebab Recipe,0
U1019,Multa Black Arabic Recipe (Arabic Gravy Steele),0
U1137,Strawberry and Avocado Caprese Salad Recipe,2
U1137,Mango Tomato Bean Salsa Recipe,2
U1090,Oats Omelette Recipe,1
U1137,Eggless Coffee Souffle Recipe With Chocolate Sauce,2
U1137,Calicut Payyoli Chicken Fry Recipe,0
U1137,Moroccan Chickpeas And Vegetable Stew Recipe With Couscous,2
U1137,Instant Oats Rava Idli Recipe,2
U1137,Chicken Malai Kebab Recipe,2
U1137,Goan Tendli Bhaji Recipe,2
U1137,Kolhapuri Masala Recipe (Maharashtrian Masala Chutney Powder),2
U1137,Moong Dal Potli Recipe - With Baked Option,2
U1137,Mishti Doi Recipe - Traditional Bengali Sweet Yogurt,2
U1137,Attirachi Kuzhambu Recipe - Spicy Mutton Gravy,2
U1137,Vegetable Jowar Upma Recipe,2
U1114,Broken Wheat and Mixed Millet Upma Recipe,0
U1114, Spicy Potato Roast Recipe (Recipe In Hindi),0
U1114,Baked Roasted Vegetable Lasagna Recipe With Low Fat Cheese & Oat Sauce,0
U1114,Haryanvi Saag Gosht Recipe,0
U1114,Kolkata Style Vegetable Chop Recipe,0
U1114,Loaded Baked Potato French Fries Recipe,1
U1114,Hunan Style Sweet Sour Chicken Recipe,0
U1114,Karnataka Style Ellu Bella Recipe (Sankrati Mix Recipe),0
U1114,Rose Flavoured Shahi Tukda Recipe,0
U1114,Pudina Buttermilk Recipe,1
U1061,Eggless Traditional Christmas Cake Recipe - Vegan Options,1
U1061,Penne Pasta Recipe In Roasted Carrot Sauce & Olives,2
U1061,Badge m Badge Badge Mia Gai Badge / Badge Badge,1
U1061,Narkel Naru Ladoo Recipe With Grated Coconut,2
U1061,Shikampuri Kebab Recipe - Kebabs made with Brown Chickpeas,2
U1061,Kashmiri Style Kokur Yakhni Recipe-Chicken Cooked In Yogurt,2
U1061,Bhut Jolokia Murgh Recipe,2
U1061,Potlankaya Perugu Pachhadi Recipe (Curd & Sunke Gourad Chutney),2
U1013,Beans Muttai Poriyal Recipe - Chettinad Egg Scramble with Beans,1
U1013,Sweet Chili Lime Grilled Chicken Recipe,2
U1061,Recipe with fenugreek corn flour,1
U1061,Kashmiri Style Kokur Yakhni Recipe-Chicken Cooked In Yogurt,1
U1061,Spinach Potato Frittata Bites Recipe,1
U1046,Shimla Mirch Ki Launji Recipe,1
U1046,Bengaluru Style Brinjal Gravy Recipe - For Biryani,2
U1046,Suran Fodi Recipe - Goan Semolina Crusted Yam,2
U1046,Kare Badge Badge Papa Badge Badge Badge |,1
U1046,Murungai Keerai Thanni Saaru Recipe-Drumstick Leaves Soup,1
U1046,Lemon Frozen Yogurt Recipe,2
U1046,Petha Wadi Sabzi Recipe,1
U1046,Banana-Almond Butter Bread Recipe,1
U1041,Cabbage And Carrot Poriyal Recipe - No Onion And Garlic,1
U1041,Vegan Cashew Mayonnaise Recipe,2
U1041,Tamil Nadu Style Chicken Salna Recipe,2
U1041,Spinach And Tortellini Soup Recipe,2
U1041,Penne Pasta With Veggies in Tomato Base Recipe,2
U1041,Cranberry Cookie Recipe,1
U1004,Homemade Butter Naan Recipe - Soft Yogurt Bread,2
U1004,Moong Dal Karara Recipe,2
U1004,Healthy & Delicious Jamun Fruit Smoothie - Black Plum Smoothie Recipe,2
U1003,Kaanole Recipe (Maharashtrian Steamed Wheat Flour Sweet),2
U1059,Mullangi Mor Pachadi Recipe (Radish in spicy tempered Yogurt Gravy Recipe),1
U1059,Assamese Style Walking Catfish In Curry Leaf Gravy Recipe,2
U1059,Ragi Badam Soup Recipe - Finger Millet Almond Soup With Vegetables,1
U1061,Mexican Cornbread Recipe,1
U1061,Punjabi Wadi Choliya Ki Sabzi Recipe,1
U1061,Kanda Kairichi Chutney Recipe - Onion & Raw Mango Chutney,2
U1061,Spicy Moroccan Eggs Recipe,2
U1090,"Vegetable Sizzler Recipe With Potato Tikki, Mint Rice & Corn and Spinach Sauce",2
U1090,Masala Vadai Kuzhambu Recipe (Mudaliar Style Curried Fritters In Spicy Tamarind Gravy),2
U1112,Indo-Chinese Paneer Manchurian Recipe,0
U1112,Serial recipe of radish leaves - South Indian Style Radish Greens Stir Fry (Recipe in Hindi),1
U1112,Attirachi Kuzhambu Recipe - Spicy Mutton Gravy,0
U1090,Quick And Spicy Bell Pepper Pasta Recipe,2
U1057,Barnyard Millet Mushroom Biryani Recipe,1
U1112,Brownie Butter Cake Recipe,0
U1057,Arbi Ka Saag Recipe,1
U1112,Kheel Paniyaram Recipe (Puffed Rice Paniyaram),1
U1112,Chicken Tariwala Recipe - Punjabi Murgh Tariwala Recipe,0
U1090,Hariyali Gobi Recipe - Palak Cauliflower Curry Recipe,1
U1090, Dal Kabila Recipe,2
U1112,Classic New York Style Cheesecake Recipe,0
U1057,Sichuan Style Bird Eye Chili Sauce Recipe,1
U1112,Andhra Style Allam Pachadi (Ginger Chutney Recipe),0
U1061,Dried Neem Flower Flavored Rice (Recipe in Hindi),2
U1112,Bathua Aloo Paratha Recipe,1
U1061,Kashmiri Style Modur Pulao Recipe - Kashmiri Sweet Pulao,2
U1112,Vermicelli & Oats Kheer Recipe,0
U1090,Vegetable Manchow Soup Recipe,2
U1112,Soulful Chicken Soup Recipe,0
U1090,Erode Pallipalayam Chicken Fry Recipe,2
U1025,Achari Aloo Sabzi Recipe - Potatoes In Spicy Pickle Masala,2
U1057,Paatolyo Recipe (Goan Sweet Dish),1
U1112,Savoury Baked Arbi Chips Recipe,1
U1057,Sweet Potato Gnocchi Recipe With Garlic And Herb Butter,1
U1112,Tomato Curry Leaf Chutney Recipe - Tomato Curry Leaf Chutney Recipe,1
U1061, Spring Onion & Roasted Garlic Brown Rice Recipe,2
U1025,Stuffed Jacket Potatoes Recipe,1
U1057,Maharashtrian Narali Bhaat Recipe (Sweetened Coconut Rice),1
U1057,Thakkali Rasam Recipe - South Indian Tomato Rasam,1
U1090,Indian Style Fajitas Recipe,2
U1090,Chilli Garlic Toast Recipe,2
U1057,Baklava Rolls Recipe - Turkish Sweet Rolls,1
U1057,Pan Fried Rice Balls Filled With Cheese Recipe,0
U1025,Whole Wheat Eggless Cinnamon & Raisin Swirl Bread Recipe,2
U1057,Watermelon And Corn Salad Recipe - A Refreshing Summer Salad,1
U1025,Gujarati Vagharela Mag Recipe - Moong Sprouts Sabzi Recipe,2
U1057,Cheesy Vegetarian Pizza Muffins Recipe,1
U1025,Senai Potato Curry Recipe - Spicy Chettinad Style Yum Stir Pre,1
U1025,Chicken Mapas Recipe - Chicken in Coconut Milk Curry,0
U1025,Cheesy Corn On The Cob Recipe,2
U1025,Thor Chal Recipe - Banana Stem Pulao Recipe,1
U1025,Rajasthani Govind Gatta Curry Recipe,2
U1025,Mexican Chicken Burger Recipe With Sour Cream & Salsa,2
U1025,Beet Carrot and Apple Salad in Orange Mustard Vinaigrette Recipe,2
U1097,Capsicum Bath Recipe,2
U1097,Raw Mango Cucumber Salad Recipe with Roasted Peanuts,2
U1097,Gond Ke Ladoo Recipe - Edible Gum Ladoo,1
U1097,Chicken Pasanda Recipe,2
U1097,Mango Tomato Bean Salsa Recipe,1
U1059,Creamy Kulfi Kebab Recipe With Tandoori Mayo Recipe,2
U1059,Shahi Egg Curry Recipe In Tomato & Cashew Gravy,2
U1059,Raw Mango Dhokla Recipe Topped With Sweet Mango Chutney,0
U1059,Karnataka Style Sabbasige Rasam Recipe - Dill leave & Toor Dal Rasam,2
U1059,Keerai Karamani Kuzhambu- Palak Lobia Curry Recipe,2
U1128,Cabbage Bhurji Recipe,0
U1059,Green Moong Sprout Salad Recipe With Vegetables- No Onion No Garlic,2
U1059,French Onion Chicken Recipe,2
U1128,Vaghareli Rotli Recipe - Vagharela Rotli Recipe,0
U1128,Vegetable Chops Recipe,0
U1128,Ridge Gourd Chutney Recipe (Beerakaya Pachadi),0
U1128,Karnataka Style Gorai Kai Kara Recipe - Cluster Beans Chutney,0
U1128,Karwar Style Yerappe Ani Recipe- Rice and Black Split Gram Fried Dumpling,0
U1128,Pull Apart Mini Pizza Boats Recipe,0
U1128,Red Kidney Beans Chocolate Barfi Recipe,0
U1128,Bengali Style Kanch kolar Kofta Curry Recipe (Green Plantain Kofta Curry Recipe),0
U1128,Beet Carrot and Apple Salad in Orange Mustard Vinaigrette Recipe,0
U1097,Tofu and Chickpea Patty Recipe (Cutlets),2
U1097,Karnataka Style Avarekalu Kosambari Recipe,2
U1097,Raw Tomato Chutney Recipe - Raw Tomato Chutney (Recipe In Hindi),1
U1097,Karwar Style Khatkhate Recipe (Mixed Vegetable Curry With Toor Dal & Coconut),2
U1097,Moong Dal Khichdi Recipe For Babies And Toddlers Over 10 Months,2
U1006,Carrot Soup Recipe,1
U1006,Lauki Ka Salan Recipe - Bottle Gourd Salan Recipe,1
U1006,Nei Appam Recipe Using Rice Flour,2
U1006,Banana Stem Thoran Recipe - Ayurvedic No Onion No Garlic Recipe,2
U1006,Kasuri Malai Murgh Tikka Recipe,2
U1006,Aloo Tikki Stuffed Pita Sandwich Recipe,1
U1006,Semiya Biryani Recipe,1
U1006,Lemon Cherry Berry Spa Water Recipe,1
U1006,Misa Maas Kordoi Tenga Recipe (Shrimp With Star Fruit Curry),1
U1006,Moong Dal Sookhi Sabzi Recipe,1
U1006,Classic Caesar Salad Recipe,2
U1131,Strawberry Cheesecake Muffins Recipe,2
U1131,Warm Red Lentil Salad With Goat Cheese Recipe,1
U1131,Punjabi Steel Bundi Kadhi Recipe,2
U1131,Buckwheat Vegetable Khichdi Recipe,0
U1131,Cheesy Baked Spaghetti Pasta Recipe,2
U1131,Irish Cream Bundt Cake Recipe,0
U1073,Lentil Bread Buttermilk Recipe (Lentil Piles in Yogurt Surri),0
U1073,Lal Mathachi Bhaji Recipe - Amaranth Leaves Moong Sprouts Sabzi,0
U1073,Potato Sagu Recipe for Rava Idli,0
U1073,Kerala Cheriya Ulli Sambar Recipe,0
U1073,The Croque Madame Sandwich Recipe,0
U1073,Pudina Pyaz Kachumber Salad Recipe - Mint & Onion Salad,0
U1073,Lemony Pasta Recipe With Roasted Shrimps,0
U1073,Uggani Recipe - Puffed Rice Upma,0
U1073,Watermelon Seeds And Pumpkin Seeds Podi Recipe,0
U1073,Karela Kadhi Recipe,0
U1073,"Sweet Corn, Methi & Tomato Rice Recipe",0
U1049,"Mushroom, cheese and soy chunk samosa recipe",0
U1049,Khamang Kakdi Recipe - Khamang Kakdi Recipe,0
U1049,Phalguni Dal (Recipe),0
U1049,Chicken Crepe Lasagne Recipe,0
U1049,Sindhi Tahiri Recipe - Sindhi Style Sweet Rice,0
U1049,Dal Bukhara Recipe (Punjabi Style Black Urad Dal),0
U1049,Teriyaki Tofu Recipe,0
U1058,Paneer Broccoli Soya Ghee Roast Pockets Recipe,2
U1058, Paneer Biryani Recipe,1
U1058,Classic South Indian Rava Idli Recipe,2
U1058,Quinoa Brown Rice and Vegetable Pulao Recipe,2
U1058,Aromatic Vegetable Pulao Recipe,1
U1058,Rajasthani Hari Mirch Ka Maas Recipe,1
U1058,Thai Green Curry Recipe With Sweet Potato & Green Beans,2
U1058,Nei Appam / Unniyappam Recipe - Coconut Banana Fritters,1
U1002,Snake Gourd Salan Recipe (Snake Gourd Cooked In Tangy Spicy Peanut Sesame Curry),2
U1002,Apple Cucumber Salad Recipe - Apple Cucumber Salad Recipe,1
U1002,Maharashtrian Style Patichya Kandyachi Zunka Recipe -Spring Onions and Besan Sabzi,1
U1002,Quinoa Chocolate Cookies Recipe,2
U1002,Dill Leaves & Parmesan Dip Recipe,1
U1002,Punjabi Style Tinda Sabzi Recipe,2
U1096,Malvani crispy lady finger recipe - groundnut lady finger vegetable,2
U1002,Thai Yellow Coconut Curry Rice Recipe,1
U1002,Kerala Pazham Pori Recipe - Banana Fritters Recipe | Nedra Pazham Fry,2
U1002,"Gujarati Badshahi Pulao Recipe - A Rich Preparation Of Rice, Vegetables, Nuts And Spices",1
U1002,Classic Greek salad Recipe,1
U1096,Pavakkai Poriyal Recipe - Karela Ki Sabzi,2
U1096,Jhinga Gavar Recipe - Shrimps & Cluster Beans Vegetable,1
U1096,Afghani Dhoog Recipe - Cucumber Mint Buttermilk/ Chaas,1
U1096,Patishapta Recipe (Rice Crepe),1
U1096,Crispy & Spicy Paneer Starter Recipe,2
U1136,Broccoli Rava Idli Recipe,1
U1096,Coconut Coconut Chili Powder Recipe - Mr. Coconut Chutney Bodi,2
U1136,Foxtail Millet Khichdi Recipe with Batata Aloo Nu Shaak,2
U1096,Besan Burji Recipe-Chickpea Flour Scramble Recipe,2
U1136,Roasted Walnut Zucchini Carrot Salad in Red Wine Vinaigrette Recipe,2
U1136,Barnyard Millet Sweet Pongal Recipe (Kuthiraivali Sakkarai Pongal),1
U1096,Raw Mango Carrot Cucumber Salad Recipe With Peanuts,1
U1136,Saag Tofu Recipe (Tofu Simmered in Spiced Mustard & Spinach Leaves),2
U1136, Togarikaayi Usli Recipe,1
U1096,Ragi Semiya Upma Recipe - Ragi Millet Vermicelli Breakfast,1
U1096,Karnataka Style Avarekalu Kosambari Recipe,1
U1136,Oatmeal Pancake Recipe With Orange,2
U1136,Whole Wheat Pasta Salad With Capsicum And Corn Recipe,1
U1136,Egg Muffin With Vegetables Recipe,2
U1136,Carrot Semolina Phirni Recipe,2
U1097,Sorakkai Puli Kuzhambu Recipe - Tangy Bottle Gourd Curry,2
U1097,Raw Mango Sambar Recipe - South Indian Mangai Sambar Recipe,2
U1097,Chanar Dal Recipe - Bengali Steel Paneer & Potato Gravy,2
U1058,No Bake Nutella Cheesecake Recipe,2
U1058,Herbed Dinner Rolls Recipe,2
U1010,Achari Masala Puri Recipe,1
U1010,Roasted Walnut Zucchini Carrot Salad in Red Wine Vinaigrette Recipe,1
U1010,Khatti Meethi Ragi Masala Roti Recipe With Carrots,0
U1003,Chicken Stuffed Bread Recipe,2
U1010,Italian Cheese And Basil Uttappam Recipe,0
U1010,Chettinad Mutton Chops Kuzhambu Recipe-Mutton Chops Curry,1
U1010,Chettinad Sweet Paniyaram Recipe - Chettinad Sweet Paniyaram Recipe,1
U1102,Bengali Bhetki Macher Paturi Recipe (Barramundi Fish Wrapped in Banana Leaf),2
U1102,"Mizoram Inspired Veg Sawhchiar Recipe-Rice Pilaf With Kashmiri Red Chillies, Bay Leaf and Paneer",2
U1010,"Italian Open Toast Recipe With Grilled Ham, Cheese & Olives",2
U1102,Egg Muffin With Vegetables Recipe,2
U1010,Mustard Vegetable Curry Recipe,1
U1102,Andhra Style Cucumbers / Caramel Undalu Recipe (Rice Flour Chochonuth Fritters),2
U1013,Vankaya Ulli Karam Recipe - Eggplant In Spicy Onion Gravy,2
U1013,Jowar Jo Dodo Recipe - Sindhi Sorghum Roti,1
U1028,Shrewsbury Cookies Recipe (Butter Cookies),1
U1028,Healthy Spicy Banana Cake Recipe,1
U1028,Fluffy & Crispy Cheese Herbed Biscuits Recipe,0
U1050,Oven Baked Sweet Potato Fries Recipe,0
U1050,Kothu Kari Kuzhambu Recipe - Mutton Keema Curry,0
U1050,Chena Kaya Erissery Recipe,0
U1050,Paprika Chicken Skewers Recipe,0
U1050,Cauliflower Kurma (Tamil Nadu Restaurant Style Cauliflower Chops) Recipe,0
U1050,Kashmiri Style Apple Tamatar Sabzi Recipe - No Onion No Garlic,0
U1050,Black Eyed Bean Lemon Bruschetta Recipe,0
U1028,Udupi Red Parboiled Rice Shavige Recipe,1
U1129,Little Millet Pudding Recipe- Kootiki / Sama Pudding,0
U1129,WeetBix Halwa Recipe,0
U1028,Tomato Chutney Recipe,2
U1028,Stuffed Matar & Gobi Paratha Recipe (Green Pea & Cauliflower Flat Bread),0
U1028, Punjabi Style Egg Curry Recipe,2
U1087,Italian Arancini Rice Balls Recipe With Delicious Pasta Dipping Sauce,2
U1087,Oats and Rajma Cutlet Recipe,1
U1087,Karnataka Style Moolangi Chutney Recipe - Karnataka Style Mullangi Chutney (Recipe In Hindi),1
U1087,Chickpea Salad Recipe With Raw Mango,2
U1087,Moroccan Harira Recipe (Thick Soup With Chickpeas & Masoor Dal),1
U1087,Warm Red Lentil Salad With Goat Cheese Recipe,1
U1087,Naked Burrito Bowl Recipe,1
U1087,Khumb Kakuri Potli Kebab Recipe With Sandwich Spread,1
U1065,Ambade Kaarle Lonche Recipe - Hog Plums & Bitter Gourd Pickle,1
U1065,Chatpate Aloo Recipe With Sesame Seeds,2
U1129,"Stuffed Pita Recipe With Tandoori Mayo Chickpeas, Pickled Onions and Vegetables",1
U1065,Bengali Style Shak Bhaja Recipe - Stir Fried Green Amaranth Leaves (Recipe in Hindi),1
U1129,Milagu Ven Pongal Recipe Made With Figaro Olive Oil,0
U1065,Homemade Macaroni And Cheese Recipe,1
U1039,Keerai Vadai Recipe Made With Figaro Pure Olive Oil,2
U1039,Tea Spiced Nuts Recipe (Skillet Roasted),1
U1065,Vazhaipoo Podimas Recipe  - Banana Flower Poriyal/ Sabzi,1
U1039,Paneer Do Pyaza Recipe,1
U1130,Choco Berry Chia Parfait Recipe,0
U1130,Prawn Masala Kozhukattai Recipe - Prawn Masala Dumplings,0
U1130,Achari Paneer Mini Bread Bowl With Cheesy Twist Recipe,0
U1130,Sweet Potato & Peas Cutlet Recipe,1
U1043,Buttered Potato Cubes Recipe - Finger Food For Babies Above 9 Months,1
U1043,Andhra Style Allam Pachadi (Ginger Chutney Recipe),1
U1011,Poha Buttermilk Idli Recipe,2
U1043,Vaghareli Rotli Recipe - Vagharela Rotli Recipe,1
U1011,Veechu Parotta Or Ceylon Parotta Recipe,1
U1043,Red Chilli Pesto & Roasted Tomato Spaghetti Pasta Recipe,1
U1043,Kerala style drumstick spinach pose recipe,1
U1011,Malwani Pumpkin And Raw Mango Curry Recipe,1
U1068,Spicy And Delicious Chicken Teriyaki Noodle Recipe,1
U1068,Pea And Spring Onion Soup Recipe,1
U1068,Thavala Adai Recipe,0
